{
  "n": 5000,
  "threads": [1, 2, 8, 12],
  "original": [20.648000, 17.960500, 15.793500, 15.675500],
  "optimized": [20.852500, 17.917000, 15.699500, 15.716500],
  "blockSize": 64,
  "blocked": [8.212000, 4.407000, 2.288000, 1.967500]
}
