{
  "n": 5000,
  "threads": [1, 2, 8, 12],
  "original": [21.680500, 18.233500, 15.824500, 15.581500],
  "optimized": [21.100000, 17.912500, 15.663500, 15.704500]
}
