{
  "dimension": 1000,
  "solution": [0.011653301, -0.013275548, 0.003129180, -0.005997911, -0.003618500, -0.012397743, 0.015311186, 0.014366255, 0.010036900, -0.017498347, 0.003343942, -0.018949214, -0.008144067, 0.013949687, -0.006376306, -0.012069982, -0.008770356, -0.001931055, 0.004876828, -0.006260127, 0.002461834, 0.014262350, -0.003269454, 0.018692713, 0.015030849, -0.016431952, -0.011979467, 0.017891178, 0.003943397, 0.004370582, 0.013455855, 0.015011797, -0.006265722, -0.014716759, -0.007736833, -0.006510716, -0.009316170, -0.009740226, 0.014751030, -0.011340652, 0.012512380, -0.010247322, 0.014628260, 0.010739091, 0.009267312, 0.010945222, -0.018018549, 0.010437556, -0.004944492, 0.005776539, 0.013846566, -0.012057521, -0.005569607, 0.003678809, 0.006005491, 0.012060793, 0.014968177, 0.009084959, -0.018081696, 0.010657056, -0.011922945, 0.012247391, 0.000026747, -0.016914787, 0.007538854, 0.002536295, 0.005042776, -0.005115821, -0.000594283, -0.001109351, -0.006659409, -0.008791354, -0.015906180, 0.006691473, 0.002247313, -0.014213617, 0.003468732, -0.014344158, 0.012822029, 0.018021069, 0.003554918, -0.002926641, -0.001806503, 0.019506574, -0.008113048, -0.005415784, 0.013535408, 0.019446303, -0.005921044, 0.019118440, 0.018092619, -0.018236866, -0.010221135, 0.001064511, -0.018114401, 0.011018855, -0.016476434, 0.014285804, -0.015815222, 0.007946839, -0.019752100, 0.010877915, -0.013944258, -0.009558866, -0.004466779, 0.012102109, -0.014907323, -0.007827614, 0.018848920, 0.009914078, 0.013252109, 0.018992820, -0.007323740, 0.010212677, 0.000340979, 0.017316952, -0.018063308, -0.011575672, -0.009204245, -0.006210506, -0.003544910, -0.000361589, -0.017220511, 0.000051263, 0.004943762, -0.019163709, 0.011856260, 0.018685825, -0.012659097, 0.004110416, 0.006229321, -0.016025016, -0.016593183, 0.007630936, 0.011663688, 0.014981638, -0.009646916, -0.018266764, -0.009364664, -0.000425310, -0.005696711, 0.007066047, -0.017120873, 0.017666545, -0.015516610, -0.002727121, -0.016644308, 0.003070600, 0.001951941, 0.014411298, 0.014575454, -0.018295466, -0.014329688, 0.001527327, -0.015178881, 0.009666327, -0.013074820, -0.007688134, -0.015463377, -0.007749971, -0.007214470, 0.008758078, -0.001363066, -0.007413365, -0.005115159, 0.019145863, -0.011331886, 0.003209248, -0.018782944, 0.008843299, 0.015624775, 0.016506864, 0.009707850, 0.015218694, 0.003792445, -0.009980211, -0.019354668, -0.007447605, 0.015396815, 0.007779280, -0.008783125, -0.017441084, -0.016943630, -0.010031910, 0.018459723, 0.009874306, 0.005288827, -0.015184043, -0.001191148, -0.012351718, 0.000314437, 0.011097889, 0.007496166, -0.011524048, 0.020409612, 0.008743674, 0.003627567, 0.005274898, -0.015998774, 0.011812074, 0.003365278, 0.018300389, -0.016614168, 0.013831387, -0.018304252, -0.007391067, -0.001476506, -0.002915443, -0.009691110, -0.016043231, -0.008096215, 0.005151361, 0.005122683, -0.011546743, 0.002357131, 0.018019904, 0.012435150, 0.017919467, -0.015404321, -0.016288190, 0.000657161, 0.008093235, -0.013920681, -0.016195481, 0.005965151, 0.011780871, -0.013982157, -0.017725653, 0.000992879, 0.013031597, 0.002193870, 0.000339233, -0.015065455, 0.002897147, -0.003638634, -0.004580076, 0.015154062, -0.005885110, 0.003421299, 0.000147185, -0.012920964, 0.006386061, -0.016400271, -0.019268677, 0.010715806, -0.000388280, 0.007302044, -0.012219774, 0.001049590, -0.017239509, -0.011462572, -0.008606861, 0.016655925, -0.013919661, -0.018681990, 0.011257143, 0.010824031, -0.008148189, 0.019906937, 0.017321791, 0.003994623, 0.007509916, 0.006562044, -0.001486911, -0.013471812, 0.010964989, 0.009830656, 0.004034084, -0.008429681, -0.016624450, -0.018305390, -0.011619606, -0.008041588, 0.002990081, 0.011974292, 0.004229528, 0.009434669, -0.017417119, -0.010411529, -0.001765575, 0.016588079, -0.008605709, -0.004578528, -0.002015332, 0.005187360, 0.011134089, -0.000017341, -0.011331892, -0.001954255, 0.010533779, 0.017189779, 0.001960817, 0.000199315, 0.011829894, -0.002236457, -0.011773282, 0.002256918, 0.000579956, -0.000241189, 0.005997148, -0.001774481, 0.008088783, 0.004917937, -0.011891094, 0.012282710, 0.011463980, -0.009709142, -0.007460410, 0.001178831, 0.007148529, -0.003635782, -0.019170243, -0.019844557, -0.017510941, -0.000655637, -0.013894666, -0.009692365, 0.003869804, 0.007648722, -0.019051367, -0.015618166, -0.018666496, -0.000304604, 0.003589413, -0.003957304, 0.006589838, 0.017276403, 0.001547430, -0.005981394, 0.002803531, -0.016562025, 0.008856240, -0.002261854, 0.012996793, -0.005682789, -0.017852176, 0.002834598, -0.009268261, 0.017084216, -0.002798404, -0.002969454, -0.000217725, 0.009714028, 0.012918448, 0.003699156, -0.005929702, -0.013179704, -0.016704444, -0.019071850, 0.013445678, -0.010647218, -0.010004328, 0.003804069, 0.002620163, 0.015454821, 0.019895742, -0.006331581, 0.015135310, -0.003230372, 0.004572699, -0.012114421, -0.015768104, -0.008897224, -0.010157306, 0.005152780, -0.020040205, -0.006773494, 0.000458113, -0.008392219, 0.000472333, 0.014482357, 0.008795227, -0.010620871, 0.018125802, 0.001331943, 0.011323190, -0.006872615, 0.018166603, 0.008429218, -0.001985374, 0.001418828, -0.007418506, 0.018742380, -0.014023094, -0.016811770, 0.012211351, 0.011957468, 0.008666100, -0.010169295, -0.004081324, 0.019351975, -0.000504304, -0.013638998, 0.019566059, -0.009292144, -0.012304145, 0.015859423, -0.007180445, -0.011118140, -0.019296806, -0.011138745, -0.009471324, 0.014791929, -0.001021674, 0.003728272, 0.006574174, 0.009718222, -0.004734497, 0.002354319, 0.010068346, -0.009681111, 0.005462509, -0.011966912, -0.007677401, 0.018298043, 0.006812636, 0.001432552, -0.006209999, 0.013481187, -0.018947283, 0.017228213, 0.007772886, 0.005642427, -0.008434448, -0.014555704, -0.005317563, -0.010246574, -0.008702869, 0.016827571, 0.013011122, 0.011682163, 0.014519386, -0.020053264, 0.010921771, 0.008935260, -0.003634139, -0.020012807, -0.002394763, 0.012918704, 0.002081557, 0.000419876, 0.001206817, 0.011598587, -0.014662978, 0.010374246, -0.003737190, -0.017818527, -0.014980782, -0.014907294, 0.004582134, 0.015349998, -0.013109278, -0.019341835, 0.012141310, 0.008310356, -0.008492530, 0.006280125, 0.004492915, -0.013385491, 0.018899213, -0.000657145, -0.010958987, -0.009487092, -0.001559264, 0.012649704, 0.001206869, 0.016087456, 0.014658300, 0.015489919, -0.013770670, -0.011223062, 0.006800219, 0.015550844, 0.002879829, 0.005705581, 0.001612762, -0.004080341, -0.001351588, 0.015005099, -0.019260369, -0.010773819, 0.012225053, -0.003642811, 0.007886762, 0.014340270, 0.009044871, 0.003965182, 0.015990321, -0.017448778, 0.007032471, 0.009580358, 0.001292812, -0.020102990, -0.004795237, -0.018376981, -0.001706554, -0.013127869, 0.003990434, 0.002590884, 0.005652519, 0.014581190, -0.019838181, -0.008146113, -0.001452167, -0.005265057, 0.016571568, -0.003101278, -0.010723762, -0.017847944, 0.001917978, 0.017133902, 0.016402899, 0.010507759, -0.010166520, -0.003751856, 0.014692696, -0.011587088, 0.017181743, 0.006573424, 0.016405518, 0.004496588, -0.008113082, 0.016619287, 0.011893142, -0.017032782, -0.010307383, 0.014320173, -0.016645955, -0.009847567, 0.018507806, 0.017674726, -0.019131890, -0.009119868, 0.011008867, 0.014314844, 0.005101943, 0.011366002, -0.004455351, 0.012075120, 0.018158996, -0.017435392, -0.010165357, 0.015904819, 0.002714439, 0.019285017, -0.007896479, -0.002974587, 0.007124689, 0.006981360, -0.004343843, -0.005545532, 0.018140463, 0.000314566, -0.008523909, -0.002092584, -0.009129736, -0.004933103, -0.015582489, -0.008397455, 0.016321394, -0.000688871, -0.018322384, 0.003356787, 0.004690493, 0.012247806, 0.009684734, -0.005269289, 0.018063897, 0.004729776, -0.006528387, -0.000045499, 0.016332304, -0.006985801, -0.007334636, 0.016870866, -0.002967364, 0.016117474, 0.009159118, 0.013852206, -0.017005373, 0.011181921, -0.012628746, -0.010930885, -0.018754506, 0.012498304, 0.000110353, -0.010941757, -0.009807040, -0.000761527, 